{
    "eval_exact_match": 32.98245614035088,
    "eval_f1": 52.05748825227208,
    "eval_samples": 285
}