{
    "eval_exact_match": 46.20060790273556,
    "eval_f1": 65.42303245910672,
    "eval_samples": 329
}