{
    "eval_exact_match": 35.25835866261398,
    "eval_f1": 54.18958499434097,
    "eval_samples": 329
}