{
    "eval_exact_match": 40.72948328267477,
    "eval_f1": 61.99618381621793,
    "eval_samples": 329
}