{
    "eval_exact_match": 56.14035087719298,
    "eval_f1": 76.63234997038163,
    "eval_samples": 285
}