{
    "eval_exact_match": 39.64912280701754,
    "eval_f1": 59.34476531380559,
    "eval_samples": 285
}