{
    "eval_exact_match": 30.091185410334347,
    "eval_f1": 48.81908302107503,
    "eval_samples": 329
}