{
    "eval_exact_match": 44.21052631578947,
    "eval_f1": 65.58885207583882,
    "eval_samples": 285
}