{
    "eval_exact_match": 42.10526315789474,
    "eval_f1": 62.12055752209535,
    "eval_samples": 285
}