{
    "eval_exact_match": 34.04255319148936,
    "eval_f1": 54.51901007807828,
    "eval_samples": 329
}