{
    "eval_exact_match": 35.08771929824562,
    "eval_f1": 51.9441623451538,
    "eval_samples": 285
}