{
    "eval_exact_match": 39.817629179331306,
    "eval_f1": 59.89683547516877,
    "eval_samples": 329
}