{
    "eval_exact_match": 31.306990881458965,
    "eval_f1": 51.496726799864774,
    "eval_samples": 329
}