{
    "eval_exact_match": 39.209726443769,
    "eval_f1": 59.820553829195966,
    "eval_samples": 329
}