{
    "eval_exact_match": 32.21884498480243,
    "eval_f1": 50.26184671227145,
    "eval_samples": 329
}