{
    "eval_exact_match": 26.747720364741642,
    "eval_f1": 45.082940491727676,
    "eval_samples": 329
}