{
    "eval_exact_match": 29.82456140350877,
    "eval_f1": 48.13311342957301,
    "eval_samples": 285
}