{
    "eval_exact_match": 50.45592705167173,
    "eval_f1": 71.012361381173,
    "eval_samples": 329
}