{
    "eval_exact_match": 27.659574468085108,
    "eval_f1": 44.47433627784124,
    "eval_samples": 329
}