{
    "eval_exact_match": 44.91228070175438,
    "eval_f1": 67.02827142862994,
    "eval_samples": 285
}