{
    "eval_exact_match": 31.306990881458965,
    "eval_f1": 50.44400803550234,
    "eval_samples": 329
}