{
    "eval_exact_match": 45.96491228070175,
    "eval_f1": 64.51110848788868,
    "eval_samples": 285
}