{
    "eval_exact_match": 39.29824561403509,
    "eval_f1": 59.35444483966729,
    "eval_samples": 285
}