{
    "eval_exact_match": 41.641337386018236,
    "eval_f1": 60.35918970077739,
    "eval_samples": 329
}