{
    "eval_exact_match": 43.76899696048632,
    "eval_f1": 65.37310472992766,
    "eval_samples": 329
}