{
    "eval_exact_match": 50.175438596491226,
    "eval_f1": 69.69138530495874,
    "eval_samples": 285
}