{
    "eval_exact_match": 39.29824561403509,
    "eval_f1": 58.49498397486018,
    "eval_samples": 285
}