{
    "eval_exact_match": 49.473684210526315,
    "eval_f1": 70.02417726932966,
    "eval_samples": 285
}