{
    "eval_exact_match": 38.297872340425535,
    "eval_f1": 58.50455497701175,
    "eval_samples": 329
}