{
    "eval_exact_match": 18.541033434650455,
    "eval_f1": 36.319801628931714,
    "eval_samples": 329
}