{
    "eval_exact_match": 31.914893617021278,
    "eval_f1": 49.464533530062056,
    "eval_samples": 329
}