{
    "eval_exact_match": 48.07017543859649,
    "eval_f1": 69.50167443103733,
    "eval_samples": 285
}