{
    "eval_exact_match": 29.473684210526315,
    "eval_f1": 45.966868803787854,
    "eval_samples": 285
}