{
    "eval_exact_match": 36.14035087719298,
    "eval_f1": 54.19474227260101,
    "eval_samples": 285
}