{
    "eval_exact_match": 36.170212765957444,
    "eval_f1": 56.54036782695868,
    "eval_samples": 329
}