{
    "eval_exact_match": 40.70175438596491,
    "eval_f1": 60.98529474227462,
    "eval_samples": 285
}