{
    "eval_exact_match": 41.05263157894737,
    "eval_f1": 62.07648522820195,
    "eval_samples": 285
}