{
    "eval_exact_match": 37.54385964912281,
    "eval_f1": 57.32899444805917,
    "eval_samples": 285
}