{
    "eval_exact_match": 42.80701754385965,
    "eval_f1": 64.15065067106102,
    "eval_samples": 285
}