{
    "eval_exact_match": 41.03343465045592,
    "eval_f1": 62.9583681197729,
    "eval_samples": 329
}