{
    "eval_exact_match": 44.984802431610944,
    "eval_f1": 65.66241521680655,
    "eval_samples": 329
}