{
    "eval_exact_match": 37.68996960486322,
    "eval_f1": 58.5479646109125,
    "eval_samples": 329
}