{
    "eval_exact_match": 43.50877192982456,
    "eval_f1": 62.86867532927762,
    "eval_samples": 285
}