{
    "eval_exact_match": 46.504559270516715,
    "eval_f1": 68.12241429564851,
    "eval_samples": 329
}