{
    "eval_exact_match": 33.333333333333336,
    "eval_f1": 51.335837179230644,
    "eval_samples": 285
}