{
    "eval_exact_match": 37.993920972644375,
    "eval_f1": 57.87046735599703,
    "eval_samples": 329
}