{
    "eval_exact_match": 34.03508771929825,
    "eval_f1": 53.85310201005779,
    "eval_samples": 285
}