{
    "eval_exact_match": 36.170212765957444,
    "eval_f1": 56.62128334813136,
    "eval_samples": 329
}